filepath,actual_name
test_dataset\vineel.jpg,UNKNOWN
Mohammed Shami\Image_1.jpg,MOHAMMED SHAMI
Mohammed Shami\Image_10.jpg,MOHAMMED SHAMI
Mohammed Shami\Image_11.jpg,MOHAMMED SHAMI
Mohammed Shami\Image_12.jpg,MOHAMMED SHAMI
Mohammed Shami\Image_13.jpg,MOHAMMED SHAMI
Mohammed Shami\Image_14.jpg,MOHAMMED SHAMI
Mohammed Shami\Image_15.jpg,MOHAMMED SHAMI
Mohammed Shami\Image_16.jpg,MOHAMMED SHAMI
Mohammed Shami\Image_17.jpg,MOHAMMED SHAMI
Mohammed Shami\Image_18.jpg,MOHAMMED SHAMI
Mohammed Shami\Image_19.jpg,MOHAMMED SHAMI
Mohammed Shami\Image_2.jpg,MOHAMMED SHAMI
Mohammed Shami\Image_20.jpg,MOHAMMED SHAMI
Mohammed Shami\Image_21.jpeg,MOHAMMED SHAMI
Mohammed Shami\Image_22.jpg,MOHAMMED SHAMI
Mohammed Shami\Image_23.jpg,MOHAMMED SHAMI
Mohammed Shami\Image_24.jpg,MOHAMMED SHAMI
Mohammed Shami\Image_25.jpg,MOHAMMED SHAMI
Mohammed Shami\Image_3.jpeg,MOHAMMED SHAMI
Mohammed Shami\Image_4.jpg,MOHAMMED SHAMI
Mohammed Shami\Image_5.jpg,MOHAMMED SHAMI
Mohammed Shami\Image_6.jpg,MOHAMMED SHAMI
Mohammed Shami\Image_7.jpg,MOHAMMED SHAMI
Mohammed Shami\Image_8.jpg,MOHAMMED SHAMI
Mohammed Shami\Image_9.jpg,MOHAMMED SHAMI
Mohammed Siraj\Image_1.jpeg,MOHAMMED SIRAJ
Mohammed Siraj\Image_10.jpg,MOHAMMED SIRAJ
Mohammed Siraj\Image_11.jpg,MOHAMMED SIRAJ
Mohammed Siraj\Image_12.jpg,MOHAMMED SIRAJ
Mohammed Siraj\Image_13.jpg,MOHAMMED SIRAJ
Mohammed Siraj\Image_14.jpg,MOHAMMED SIRAJ
Mohammed Siraj\Image_15.jpg,MOHAMMED SIRAJ
Mohammed Siraj\Image_16.jpg,MOHAMMED SIRAJ
Mohammed Siraj\Image_17.jpg,MOHAMMED SIRAJ
Mohammed Siraj\Image_18.jpg,MOHAMMED SIRAJ
Mohammed Siraj\Image_19.jpg,MOHAMMED SIRAJ
Mohammed Siraj\Image_2.jpg,MOHAMMED SIRAJ
Mohammed Siraj\Image_20.jpg,MOHAMMED SIRAJ
Mohammed Siraj\Image_21.jpg,MOHAMMED SIRAJ
Mohammed Siraj\Image_22.jpg,MOHAMMED SIRAJ
Mohammed Siraj\Image_23.jpg,MOHAMMED SIRAJ
Mohammed Siraj\Image_24.jpg,MOHAMMED SIRAJ
Mohammed Siraj\Image_25.jpg,MOHAMMED SIRAJ
Mohammed Siraj\Image_3.jpg,MOHAMMED SIRAJ
Mohammed Siraj\Image_4.jpg,MOHAMMED SIRAJ
Mohammed Siraj\Image_5.jpg,MOHAMMED SIRAJ
Mohammed Siraj\Image_6.jpg,MOHAMMED SIRAJ
Mohammed Siraj\Image_7.jpg,MOHAMMED SIRAJ
Mohammed Siraj\Image_8.jpg,MOHAMMED SIRAJ
Mohammed Siraj\Image_9.jpg,MOHAMMED SIRAJ
Mohinder Amarnath\Image_1.jpg,MOHINDER AMARNATH
Mohinder Amarnath\Image_10.jpg,MOHINDER AMARNATH
Mohinder Amarnath\Image_11.jpg,MOHINDER AMARNATH
Mohinder Amarnath\Image_12.jpg,MOHINDER AMARNATH
Mohinder Amarnath\Image_13.jpg,MOHINDER AMARNATH
Mohinder Amarnath\Image_14.jpg,MOHINDER AMARNATH
Mohinder Amarnath\Image_15.jpg,MOHINDER AMARNATH
Mohinder Amarnath\Image_16.jpg,MOHINDER AMARNATH
Mohinder Amarnath\Image_17.jpg,MOHINDER AMARNATH
Mohinder Amarnath\Image_18.jpg,MOHINDER AMARNATH
Mohinder Amarnath\Image_19.jpg,MOHINDER AMARNATH
Mohinder Amarnath\Image_2.jpg,MOHINDER AMARNATH
Mohinder Amarnath\Image_20.jpg,MOHINDER AMARNATH
Mohinder Amarnath\Image_21.jpg,MOHINDER AMARNATH
Mohinder Amarnath\Image_22.jpg,MOHINDER AMARNATH
Mohinder Amarnath\Image_23.jpg,MOHINDER AMARNATH
Mohinder Amarnath\Image_24.jpg,MOHINDER AMARNATH
Mohinder Amarnath\Image_25.jpg,MOHINDER AMARNATH
Mohinder Amarnath\Image_3.jpg,MOHINDER AMARNATH
Mohinder Amarnath\Image_4.jpg,MOHINDER AMARNATH
Mohinder Amarnath\Image_5.jpg,MOHINDER AMARNATH
Mohinder Amarnath\Image_6.jpg,MOHINDER AMARNATH
Mohinder Amarnath\Image_7.jpg,MOHINDER AMARNATH
Mohinder Amarnath\Image_8.jpg,MOHINDER AMARNATH
Mohinder Amarnath\Image_9.jpg,MOHINDER AMARNATH
Navjot Singh Sidhu\Image_1.jpg,NAVJOT SINGH SIDHU
Navjot Singh Sidhu\Image_10.jpeg,NAVJOT SINGH SIDHU
Navjot Singh Sidhu\Image_11.jpg,NAVJOT SINGH SIDHU
Navjot Singh Sidhu\Image_12.jpg,NAVJOT SINGH SIDHU
Navjot Singh Sidhu\Image_13.jpg,NAVJOT SINGH SIDHU
Navjot Singh Sidhu\Image_14.jpg,NAVJOT SINGH SIDHU
Navjot Singh Sidhu\Image_15.jpg,NAVJOT SINGH SIDHU
Navjot Singh Sidhu\Image_16.jpg,NAVJOT SINGH SIDHU
Navjot Singh Sidhu\Image_17.jpg,NAVJOT SINGH SIDHU
Navjot Singh Sidhu\Image_18.jpg,NAVJOT SINGH SIDHU
Navjot Singh Sidhu\Image_19.jpg,NAVJOT SINGH SIDHU
Navjot Singh Sidhu\Image_2.jpeg,NAVJOT SINGH SIDHU
Navjot Singh Sidhu\Image_20.jpg,NAVJOT SINGH SIDHU
Navjot Singh Sidhu\Image_21.jpg,NAVJOT SINGH SIDHU
Navjot Singh Sidhu\Image_22.jpg,NAVJOT SINGH SIDHU
Navjot Singh Sidhu\Image_23.jpg,NAVJOT SINGH SIDHU
Navjot Singh Sidhu\Image_24.jpg,NAVJOT SINGH SIDHU
Navjot Singh Sidhu\Image_25.jpg,NAVJOT SINGH SIDHU
Navjot Singh Sidhu\Image_3.jpg,NAVJOT SINGH SIDHU
Navjot Singh Sidhu\Image_4.jpg,NAVJOT SINGH SIDHU
Navjot Singh Sidhu\Image_5.jpg,NAVJOT SINGH SIDHU
Navjot Singh Sidhu\Image_6.jpg,NAVJOT SINGH SIDHU
Navjot Singh Sidhu\Image_7.jpg,NAVJOT SINGH SIDHU
Navjot Singh Sidhu\Image_8.jpg,NAVJOT SINGH SIDHU
Navjot Singh Sidhu\Image_9.jpg,NAVJOT SINGH SIDHU
Nayan Mongia\Image_1.jpg,NAYAN MONGIA
Nayan Mongia\Image_10.jpg,NAYAN MONGIA
Nayan Mongia\Image_11.jpg,NAYAN MONGIA
Nayan Mongia\Image_12.jpg,NAYAN MONGIA
Nayan Mongia\Image_13.jpg,NAYAN MONGIA
Nayan Mongia\Image_14.jpg,NAYAN MONGIA
Nayan Mongia\Image_15.jpg,NAYAN MONGIA
Nayan Mongia\Image_16.jpg,NAYAN MONGIA
Nayan Mongia\Image_17.jpeg,NAYAN MONGIA
Nayan Mongia\Image_18.jpg,NAYAN MONGIA
Nayan Mongia\Image_19.jpg,NAYAN MONGIA
Nayan Mongia\Image_2.jpg,NAYAN MONGIA
Nayan Mongia\Image_20.jpg,NAYAN MONGIA
Nayan Mongia\Image_21.jpg,NAYAN MONGIA
Nayan Mongia\Image_22.jpg,NAYAN MONGIA
Nayan Mongia\Image_23.jpg,NAYAN MONGIA
Nayan Mongia\Image_24.jpg,NAYAN MONGIA
Nayan Mongia\Image_25.jpg,NAYAN MONGIA
Nayan Mongia\Image_3.jpg,NAYAN MONGIA
Nayan Mongia\Image_4.jpg,NAYAN MONGIA
Nayan Mongia\Image_5.jpg,NAYAN MONGIA
Nayan Mongia\Image_6.jpg,NAYAN MONGIA
Nayan Mongia\Image_7.jpeg,NAYAN MONGIA
Nayan Mongia\Image_8.jpg,NAYAN MONGIA
Nayan Mongia\Image_9.jpg,NAYAN MONGIA
Neha Tanwar\Image_1.jpg,NEHA TANWAR
Neha Tanwar\Image_10.jpeg,NEHA TANWAR
Neha Tanwar\Image_11.jpg,NEHA TANWAR
Neha Tanwar\Image_12.jpg,NEHA TANWAR
Neha Tanwar\Image_13.jpg,NEHA TANWAR
Neha Tanwar\Image_14.jpg,NEHA TANWAR
Neha Tanwar\Image_15.jpg,NEHA TANWAR
Neha Tanwar\Image_16.jpg,NEHA TANWAR
Neha Tanwar\Image_17.jpg,NEHA TANWAR
Neha Tanwar\Image_18.jpeg,NEHA TANWAR
Neha Tanwar\Image_19.jpeg,NEHA TANWAR
Neha Tanwar\Image_2.jpg,NEHA TANWAR
Neha Tanwar\Image_20.jpg,NEHA TANWAR
Neha Tanwar\Image_3.jpg,NEHA TANWAR
Neha Tanwar\Image_4.jpg,NEHA TANWAR
Neha Tanwar\Image_5.jpg,NEHA TANWAR
Neha Tanwar\Image_6.jpg,NEHA TANWAR
Neha Tanwar\Image_7.jpeg,NEHA TANWAR
Neha Tanwar\Image_8.jpeg,NEHA TANWAR
Neha Tanwar\Image_9.jpg,NEHA TANWAR
Nidhi Buley\Image_1.jpg,NIDHI BULEY
Nidhi Buley\Image_10.jpg,NIDHI BULEY
Nidhi Buley\Image_11.jpg,NIDHI BULEY
Nidhi Buley\Image_12.jpg,NIDHI BULEY
Nidhi Buley\Image_13.jpg,NIDHI BULEY
Nidhi Buley\Image_14.jpg,NIDHI BULEY
Nidhi Buley\Image_15.jpg,NIDHI BULEY
Nidhi Buley\Image_16.JPG,NIDHI BULEY
Nidhi Buley\Image_17.jpg,NIDHI BULEY
Nidhi Buley\Image_18.jpg,NIDHI BULEY
Nidhi Buley\Image_19.jpg,NIDHI BULEY
Nidhi Buley\Image_2.jpg,NIDHI BULEY
Nidhi Buley\Image_20.jpg,NIDHI BULEY
Nidhi Buley\Image_3.jpg,NIDHI BULEY
Nidhi Buley\Image_4.jpg,NIDHI BULEY
Nidhi Buley\Image_5.jpg,NIDHI BULEY
Nidhi Buley\Image_6.jpg,NIDHI BULEY
Nidhi Buley\Image_7.jpg,NIDHI BULEY
Nidhi Buley\Image_8.jpg,NIDHI BULEY
Nidhi Buley\Image_9.png,NIDHI BULEY
Nikhil Chopra\Image_1.jpeg,NIKHIL CHOPRA
Nikhil Chopra\Image_10.jpg,NIKHIL CHOPRA
Nikhil Chopra\Image_11.jpeg,NIKHIL CHOPRA
Nikhil Chopra\Image_12.jpg,NIKHIL CHOPRA
Nikhil Chopra\Image_13.jpg,NIKHIL CHOPRA
Nikhil Chopra\Image_14.jpg,NIKHIL CHOPRA
Nikhil Chopra\Image_15.jpg,NIKHIL CHOPRA
Nikhil Chopra\Image_16.jpg,NIKHIL CHOPRA
Nikhil Chopra\Image_18.jpg,NIKHIL CHOPRA
Nikhil Chopra\Image_19.jpg,NIKHIL CHOPRA
Nikhil Chopra\Image_2.jpg,NIKHIL CHOPRA
Nikhil Chopra\Image_20.jpg,NIKHIL CHOPRA
Nikhil Chopra\Image_21.jpg,NIKHIL CHOPRA
Nikhil Chopra\Image_22.jpg,NIKHIL CHOPRA
Nikhil Chopra\Image_23.jpg,NIKHIL CHOPRA
Nikhil Chopra\Image_24.jpg,NIKHIL CHOPRA
Nikhil Chopra\Image_25.jpg,NIKHIL CHOPRA
Nikhil Chopra\Image_3.jpg,NIKHIL CHOPRA
Nikhil Chopra\Image_4.jpg,NIKHIL CHOPRA
Nikhil Chopra\Image_5.jpg,NIKHIL CHOPRA
Nikhil Chopra\Image_6.jpg,NIKHIL CHOPRA
Nikhil Chopra\Image_7.jpg,NIKHIL CHOPRA
Nikhil Chopra\Image_8.jpeg,NIKHIL CHOPRA
Nikhil Chopra\Image_9.jpg,NIKHIL CHOPRA
Nitish Rana\Image_1.jpg,NITISH RANA
Nitish Rana\Image_10.jpg,NITISH RANA
Nitish Rana\Image_11.jpg,NITISH RANA
Nitish Rana\Image_12.jpg,NITISH RANA
Nitish Rana\Image_13.jpg,NITISH RANA
Nitish Rana\Image_14.jpg,NITISH RANA
Nitish Rana\Image_15.jpg,NITISH RANA
Nitish Rana\Image_16.jpg,NITISH RANA
Nitish Rana\Image_17.jpg,NITISH RANA
Nitish Rana\Image_18.jpg,NITISH RANA
Nitish Rana\Image_19.jpg,NITISH RANA
Nitish Rana\Image_2.jpg,NITISH RANA
Nitish Rana\Image_20.png,NITISH RANA
Nitish Rana\Image_21.jpg,NITISH RANA
Nitish Rana\Image_22.jpg,NITISH RANA
Nitish Rana\Image_23.jpg,NITISH RANA
Nitish Rana\Image_24.png,NITISH RANA
Nitish Rana\Image_25.jpg,NITISH RANA
Nitish Rana\Image_3.jpg,NITISH RANA
Nitish Rana\Image_4.jpg,NITISH RANA
Nitish Rana\Image_5.jpg,NITISH RANA
Nitish Rana\Image_6.jpg,NITISH RANA
Nitish Rana\Image_7.jpg,NITISH RANA
Nitish Rana\Image_8.jpg,NITISH RANA
Nitish Rana\Image_9.jpg,NITISH RANA
V. V. S. Laxman\Image_1.jpg,V. V. S. LAXMAN
V. V. S. Laxman\Image_10.jpg,V. V. S. LAXMAN
V. V. S. Laxman\Image_11.jpg,V. V. S. LAXMAN
V. V. S. Laxman\Image_12.jpg,V. V. S. LAXMAN
V. V. S. Laxman\Image_13.jpg,V. V. S. LAXMAN
V. V. S. Laxman\Image_14.jpeg,V. V. S. LAXMAN
V. V. S. Laxman\Image_15.jpg,V. V. S. LAXMAN
V. V. S. Laxman\Image_16.jpg,V. V. S. LAXMAN
V. V. S. Laxman\Image_17.jpg,V. V. S. LAXMAN
V. V. S. Laxman\Image_18.jpg,V. V. S. LAXMAN
V. V. S. Laxman\Image_19.jpg,V. V. S. LAXMAN
V. V. S. Laxman\Image_2.jpg,V. V. S. LAXMAN
V. V. S. Laxman\Image_20.jpg,V. V. S. LAXMAN
V. V. S. Laxman\Image_21.jpg,V. V. S. LAXMAN
V. V. S. Laxman\Image_22.jpeg,V. V. S. LAXMAN
V. V. S. Laxman\Image_23.jpg,V. V. S. LAXMAN
V. V. S. Laxman\Image_24.jpg,V. V. S. LAXMAN
V. V. S. Laxman\Image_25.jpg,V. V. S. LAXMAN
V. V. S. Laxman\Image_3.jpg,V. V. S. LAXMAN
V. V. S. Laxman\Image_4.jpg,V. V. S. LAXMAN
V. V. S. Laxman\Image_5.jpg,V. V. S. LAXMAN
V. V. S. Laxman\Image_6.jpg,V. V. S. LAXMAN
V. V. S. Laxman\Image_7.jpg,V. V. S. LAXMAN
V. V. S. Laxman\Image_8.jpg,V. V. S. LAXMAN
V. V. S. Laxman\Image_9.jpg,V. V. S. LAXMAN
Virat Kohli\Image_1.jpg,VIRAT KOHLI
Virat Kohli\Image_10.jpg,VIRAT KOHLI
Virat Kohli\Image_11.jpg,VIRAT KOHLI
Virat Kohli\Image_12.jpg,VIRAT KOHLI
Virat Kohli\Image_13.jpg,VIRAT KOHLI
Virat Kohli\Image_14.jpg,VIRAT KOHLI
Virat Kohli\Image_15.jpg,VIRAT KOHLI
Virat Kohli\Image_16.jpg,VIRAT KOHLI
Virat Kohli\Image_17.jpg,VIRAT KOHLI
Virat Kohli\Image_18.jpg,VIRAT KOHLI
Virat Kohli\Image_19.jpg,VIRAT KOHLI
Virat Kohli\Image_2.jpg,VIRAT KOHLI
Virat Kohli\Image_20.jpg,VIRAT KOHLI
Virat Kohli\Image_21.jpg,VIRAT KOHLI
Virat Kohli\Image_22.jpg,VIRAT KOHLI
Virat Kohli\Image_23.jpg,VIRAT KOHLI
Virat Kohli\Image_24.jpg,VIRAT KOHLI
Virat Kohli\Image_25.jpg,VIRAT KOHLI
Virat Kohli\Image_3.jpg,VIRAT KOHLI
Virat Kohli\Image_4.jpg,VIRAT KOHLI
Virat Kohli\Image_5.jpg,VIRAT KOHLI
Virat Kohli\Image_6.jpg,VIRAT KOHLI
Virat Kohli\Image_7.jpg,VIRAT KOHLI
Virat Kohli\Image_8.jpg,VIRAT KOHLI
Virat Kohli\Image_9.jpg,VIRAT KOHLI
